test_loss,test_accuracy,test_iou,test_precision,test_recall,test_f1score,epoch,step
0.1116015613079071,0.9818277359008789,0.9648988842964172,0.9818277359008789,0.9818277359008789,0.9818277359008789,0,0
